id,name,age,email,city,occupation
1,User1,21,user1@example.com,City1,Job1
2,User2,22,user2@example.com,City2,Job2
3,User3,23,user3@example.com,City3,Job3
4,User4,24,user4@example.com,City4,Job4
5,User5,25,user5@example.com,City5,Job0
6,User6,26,user6@example.com,City6,Job1
7,User7,27,user7@example.com,City7,Job2
8,User8,28,user8@example.com,City8,Job3
9,User9,29,user9@example.com,City9,Job4
10,User10,30,user10@example.com,City0,Job0
11,User11,31,user11@example.com,City1,Job1
12,User12,32,user12@example.com,City2,Job2
13,User13,33,user13@example.com,City3,Job3
14,User14,34,user14@example.com,City4,Job4
15,User15,35,user15@example.com,City5,Job0
16,User16,36,user16@example.com,City6,Job1
17,User17,37,user17@example.com,City7,Job2
18,User18,38,user18@example.com,City8,Job3
19,User19,39,user19@example.com,City9,Job4
20,User20,40,user20@example.com,City0,Job0
21,User21,41,user21@example.com,City1,Job1
22,User22,42,user22@example.com,City2,Job2
23,User23,43,user23@example.com,City3,Job3
24,User24,44,user24@example.com,City4,Job4
25,User25,45,user25@example.com,City5,Job0
26,User26,46,user26@example.com,City6,Job1
27,User27,47,user27@example.com,City7,Job2
28,User28,48,user28@example.com,City8,Job3
29,User29,49,user29@example.com,City9,Job4
30,User30,20,user30@example.com,City0,Job0
31,User31,21,user31@example.com,City1,Job1
32,User32,22,user32@example.com,City2,Job2
33,User33,23,user33@example.com,City3,Job3
34,User34,24,user34@example.com,City4,Job4
35,User35,25,user35@example.com,City5,Job0
36,User36,26,user36@example.com,City6,Job1
37,User37,27,user37@example.com,City7,Job2
38,User38,28,user38@example.com,City8,Job3
39,User39,29,user39@example.com,City9,Job4
40,User40,30,user40@example.com,City0,Job0
41,User41,31,user41@example.com,City1,Job1
42,User42,32,user42@example.com,City2,Job2
43,User43,33,user43@example.com,City3,Job3
44,User44,34,user44@example.com,City4,Job4
45,User45,35,user45@example.com,City5,Job0
46,User46,36,user46@example.com,City6,Job1
47,User47,37,user47@example.com,City7,Job2
48,User48,38,user48@example.com,City8,Job3
49,User49,39,user49@example.com,City9,Job4
50,User50,40,user50@example.com,City0,Job0
